FREQ;Frekvens;BASE_CUR;Basisvaluta;QUOTE_CUR;Kvoteringsvaluta;TENOR;Løpetid;DECIMALS;CALCULATED;UNIT_MULT;Multiplikator;COLLECTION;Innsamlingstidspunkt;TIME_PERIOD;OBS_VALUE
B;Virkedag;I44;Importveid kursindeks;NOK;Norske kroner;SP;Spot;2;true;0;Enheter;C;ECB concertation tidspunkt 14:15 CET;16.05.2022;112,04
B;Virkedag;I44;Importveid kursindeks;NOK;Norske kroner;SP;Spot;2;true;0;Enheter;C;ECB concertation tidspunkt 14:15 CET;18.05.2022;111,87
B;Virkedag;I44;Importveid kursindeks;NOK;Norske kroner;SP;Spot;2;true;0;Enheter;C;ECB concertation tidspunkt 14:15 CET;19.05.2022;112,96
B;Virkedag;I44;Importveid kursindeks;NOK;Norske kroner;SP;Spot;2;true;0;Enheter;C;ECB concertation tidspunkt 14:15 CET;20.05.2022;112,5
B;Virkedag;I44;Importveid kursindeks;NOK;Norske kroner;SP;Spot;2;true;0;Enheter;C;ECB concertation tidspunkt 14:15 CET;23.05.2022;112,31
B;Virkedag;I44;Importveid kursindeks;NOK;Norske kroner;SP;Spot;2;true;0;Enheter;C;ECB concertation tidspunkt 14:15 CET;24.05.2022;112,41
B;Virkedag;I44;Importveid kursindeks;NOK;Norske kroner;SP;Spot;2;true;0;Enheter;C;ECB concertation tidspunkt 14:15 CET;25.05.2022;112,25
B;Virkedag;I44;Importveid kursindeks;NOK;Norske kroner;SP;Spot;2;true;0;Enheter;C;ECB concertation tidspunkt 14:15 CET;27.05.2022;110,93
B;Virkedag;I44;Importveid kursindeks;NOK;Norske kroner;SP;Spot;2;true;0;Enheter;C;ECB concertation tidspunkt 14:15 CET;30.05.2022;110,38
B;Virkedag;I44;Importveid kursindeks;NOK;Norske kroner;SP;Spot;2;true;0;Enheter;C;ECB concertation tidspunkt 14:15 CET;31.05.2022;110,25
B;Virkedag;I44;Importveid kursindeks;NOK;Norske kroner;SP;Spot;2;true;0;Enheter;C;ECB concertation tidspunkt 14:15 CET;01.06.2022;109,63
B;Virkedag;I44;Importveid kursindeks;NOK;Norske kroner;SP;Spot;2;true;0;Enheter;C;ECB concertation tidspunkt 14:15 CET;02.06.2022;110,18
B;Virkedag;I44;Importveid kursindeks;NOK;Norske kroner;SP;Spot;2;true;0;Enheter;C;ECB concertation tidspunkt 14:15 CET;03.06.2022;110,23
B;Virkedag;I44;Importveid kursindeks;NOK;Norske kroner;SP;Spot;2;true;0;Enheter;C;ECB concertation tidspunkt 14:15 CET;07.06.2022;111,22
B;Virkedag;I44;Importveid kursindeks;NOK;Norske kroner;SP;Spot;2;true;0;Enheter;C;ECB concertation tidspunkt 14:15 CET;08.06.2022;110,39
B;Virkedag;I44;Importveid kursindeks;NOK;Norske kroner;SP;Spot;2;true;0;Enheter;C;ECB concertation tidspunkt 14:15 CET;09.06.2022;110,86
B;Virkedag;I44;Importveid kursindeks;NOK;Norske kroner;SP;Spot;2;true;0;Enheter;C;ECB concertation tidspunkt 14:15 CET;10.06.2022;111,02
B;Virkedag;I44;Importveid kursindeks;NOK;Norske kroner;SP;Spot;2;true;0;Enheter;C;ECB concertation tidspunkt 14:15 CET;13.06.2022;112,98
B;Virkedag;I44;Importveid kursindeks;NOK;Norske kroner;SP;Spot;2;true;0;Enheter;C;ECB concertation tidspunkt 14:15 CET;14.06.2022;113,68
B;Virkedag;I44;Importveid kursindeks;NOK;Norske kroner;SP;Spot;2;true;0;Enheter;C;ECB concertation tidspunkt 14:15 CET;15.06.2022;113,74
B;Virkedag;I44;Importveid kursindeks;NOK;Norske kroner;SP;Spot;2;true;0;Enheter;C;ECB concertation tidspunkt 14:15 CET;16.06.2022;114,62
B;Virkedag;I44;Importveid kursindeks;NOK;Norske kroner;SP;Spot;2;true;0;Enheter;C;ECB concertation tidspunkt 14:15 CET;17.06.2022;114,23
B;Virkedag;I44;Importveid kursindeks;NOK;Norske kroner;SP;Spot;2;true;0;Enheter;C;ECB concertation tidspunkt 14:15 CET;20.06.2022;113,76
B;Virkedag;I44;Importveid kursindeks;NOK;Norske kroner;SP;Spot;2;true;0;Enheter;C;ECB concertation tidspunkt 14:15 CET;21.06.2022;112,73
B;Virkedag;I44;Importveid kursindeks;NOK;Norske kroner;SP;Spot;2;true;0;Enheter;C;ECB concertation tidspunkt 14:15 CET;22.06.2022;114,7
B;Virkedag;I44;Importveid kursindeks;NOK;Norske kroner;SP;Spot;2;true;0;Enheter;C;ECB concertation tidspunkt 14:15 CET;23.06.2022;114,44
B;Virkedag;I44;Importveid kursindeks;NOK;Norske kroner;SP;Spot;2;true;0;Enheter;C;ECB concertation tidspunkt 14:15 CET;24.06.2022;113,9
B;Virkedag;I44;Importveid kursindeks;NOK;Norske kroner;SP;Spot;2;true;0;Enheter;C;ECB concertation tidspunkt 14:15 CET;27.06.2022;113,54
B;Virkedag;I44;Importveid kursindeks;NOK;Norske kroner;SP;Spot;2;true;0;Enheter;C;ECB concertation tidspunkt 14:15 CET;28.06.2022;112,79
B;Virkedag;I44;Importveid kursindeks;NOK;Norske kroner;SP;Spot;2;true;0;Enheter;C;ECB concertation tidspunkt 14:15 CET;29.06.2022;112,66
B;Virkedag;I44;Importveid kursindeks;NOK;Norske kroner;SP;Spot;2;true;0;Enheter;C;ECB concertation tidspunkt 14:15 CET;30.06.2022;113,55
B;Virkedag;I44;Importveid kursindeks;NOK;Norske kroner;SP;Spot;2;true;0;Enheter;C;ECB concertation tidspunkt 14:15 CET;01.07.2022;113,29
B;Virkedag;I44;Importveid kursindeks;NOK;Norske kroner;SP;Spot;2;true;0;Enheter;C;ECB concertation tidspunkt 14:15 CET;04.07.2022;112,47
B;Virkedag;I44;Importveid kursindeks;NOK;Norske kroner;SP;Spot;2;true;0;Enheter;C;ECB concertation tidspunkt 14:15 CET;05.07.2022;112,63
B;Virkedag;I44;Importveid kursindeks;NOK;Norske kroner;SP;Spot;2;true;0;Enheter;C;ECB concertation tidspunkt 14:15 CET;06.07.2022;112,94
B;Virkedag;I44;Importveid kursindeks;NOK;Norske kroner;SP;Spot;2;true;0;Enheter;C;ECB concertation tidspunkt 14:15 CET;07.07.2022;113,16
B;Virkedag;I44;Importveid kursindeks;NOK;Norske kroner;SP;Spot;2;true;0;Enheter;C;ECB concertation tidspunkt 14:15 CET;08.07.2022;113,1
B;Virkedag;I44;Importveid kursindeks;NOK;Norske kroner;SP;Spot;2;true;0;Enheter;C;ECB concertation tidspunkt 14:15 CET;11.07.2022;113,62
B;Virkedag;I44;Importveid kursindeks;NOK;Norske kroner;SP;Spot;2;true;0;Enheter;C;ECB concertation tidspunkt 14:15 CET;12.07.2022;113,71
B;Virkedag;I44;Importveid kursindeks;NOK;Norske kroner;SP;Spot;2;true;0;Enheter;C;ECB concertation tidspunkt 14:15 CET;13.07.2022;113,31
B;Virkedag;I44;Importveid kursindeks;NOK;Norske kroner;SP;Spot;2;true;0;Enheter;C;ECB concertation tidspunkt 14:15 CET;14.07.2022;113,49
B;Virkedag;I44;Importveid kursindeks;NOK;Norske kroner;SP;Spot;2;true;0;Enheter;C;ECB concertation tidspunkt 14:15 CET;15.07.2022;113,57
B;Virkedag;I44;Importveid kursindeks;NOK;Norske kroner;SP;Spot;2;true;0;Enheter;C;ECB concertation tidspunkt 14:15 CET;18.07.2022;113,27
B;Virkedag;I44;Importveid kursindeks;NOK;Norske kroner;SP;Spot;2;true;0;Enheter;C;ECB concertation tidspunkt 14:15 CET;19.07.2022;112
B;Virkedag;I44;Importveid kursindeks;NOK;Norske kroner;SP;Spot;2;true;0;Enheter;C;ECB concertation tidspunkt 14:15 CET;20.07.2022;111,75
B;Virkedag;I44;Importveid kursindeks;NOK;Norske kroner;SP;Spot;2;true;0;Enheter;C;ECB concertation tidspunkt 14:15 CET;21.07.2022;112,07
B;Virkedag;I44;Importveid kursindeks;NOK;Norske kroner;SP;Spot;2;true;0;Enheter;C;ECB concertation tidspunkt 14:15 CET;22.07.2022;111,93
B;Virkedag;I44;Importveid kursindeks;NOK;Norske kroner;SP;Spot;2;true;0;Enheter;C;ECB concertation tidspunkt 14:15 CET;25.07.2022;111,01
B;Virkedag;I44;Importveid kursindeks;NOK;Norske kroner;SP;Spot;2;true;0;Enheter;C;ECB concertation tidspunkt 14:15 CET;26.07.2022;110,71
B;Virkedag;I44;Importveid kursindeks;NOK;Norske kroner;SP;Spot;2;true;0;Enheter;C;ECB concertation tidspunkt 14:15 CET;27.07.2022;109,96
B;Virkedag;I44;Importveid kursindeks;NOK;Norske kroner;SP;Spot;2;true;0;Enheter;C;ECB concertation tidspunkt 14:15 CET;28.07.2022;109,52
B;Virkedag;I44;Importveid kursindeks;NOK;Norske kroner;SP;Spot;2;true;0;Enheter;C;ECB concertation tidspunkt 14:15 CET;29.07.2022;109,13
B;Virkedag;I44;Importveid kursindeks;NOK;Norske kroner;SP;Spot;2;true;0;Enheter;C;ECB concertation tidspunkt 14:15 CET;01.08.2022;108,92
B;Virkedag;I44;Importveid kursindeks;NOK;Norske kroner;SP;Spot;2;true;0;Enheter;C;ECB concertation tidspunkt 14:15 CET;02.08.2022;109,72
B;Virkedag;I44;Importveid kursindeks;NOK;Norske kroner;SP;Spot;2;true;0;Enheter;C;ECB concertation tidspunkt 14:15 CET;03.08.2022;109,15
B;Virkedag;I44;Importveid kursindeks;NOK;Norske kroner;SP;Spot;2;true;0;Enheter;C;ECB concertation tidspunkt 14:15 CET;04.08.2022;109,54
B;Virkedag;I44;Importveid kursindeks;NOK;Norske kroner;SP;Spot;2;true;0;Enheter;C;ECB concertation tidspunkt 14:15 CET;05.08.2022;110,25
B;Virkedag;I44;Importveid kursindeks;NOK;Norske kroner;SP;Spot;2;true;0;Enheter;C;ECB concertation tidspunkt 14:15 CET;08.08.2022;109,89
B;Virkedag;I44;Importveid kursindeks;NOK;Norske kroner;SP;Spot;2;true;0;Enheter;C;ECB concertation tidspunkt 14:15 CET;09.08.2022;109,67
B;Virkedag;I44;Importveid kursindeks;NOK;Norske kroner;SP;Spot;2;true;0;Enheter;C;ECB concertation tidspunkt 14:15 CET;10.08.2022;109,33
B;Virkedag;I44;Importveid kursindeks;NOK;Norske kroner;SP;Spot;2;true;0;Enheter;C;ECB concertation tidspunkt 14:15 CET;11.08.2022;108,03
B;Virkedag;I44;Importveid kursindeks;NOK;Norske kroner;SP;Spot;2;true;0;Enheter;C;ECB concertation tidspunkt 14:15 CET;12.08.2022;108,13
B;Virkedag;I44;Importveid kursindeks;NOK;Norske kroner;SP;Spot;2;true;0;Enheter;C;ECB concertation tidspunkt 14:15 CET;15.08.2022;108,97
B;Virkedag;I44;Importveid kursindeks;NOK;Norske kroner;SP;Spot;2;true;0;Enheter;C;ECB concertation tidspunkt 14:15 CET;16.08.2022;108,82
B;Virkedag;I44;Importveid kursindeks;NOK;Norske kroner;SP;Spot;2;true;0;Enheter;C;ECB concertation tidspunkt 14:15 CET;17.08.2022;108,63
B;Virkedag;I44;Importveid kursindeks;NOK;Norske kroner;SP;Spot;2;true;0;Enheter;C;ECB concertation tidspunkt 14:15 CET;18.08.2022;108,39
B;Virkedag;I44;Importveid kursindeks;NOK;Norske kroner;SP;Spot;2;true;0;Enheter;C;ECB concertation tidspunkt 14:15 CET;19.08.2022;108,77
B;Virkedag;I44;Importveid kursindeks;NOK;Norske kroner;SP;Spot;2;true;0;Enheter;C;ECB concertation tidspunkt 14:15 CET;22.08.2022;108,08
B;Virkedag;I44;Importveid kursindeks;NOK;Norske kroner;SP;Spot;2;true;0;Enheter;C;ECB concertation tidspunkt 14:15 CET;23.08.2022;108,11
B;Virkedag;I44;Importveid kursindeks;NOK;Norske kroner;SP;Spot;2;true;0;Enheter;C;ECB concertation tidspunkt 14:15 CET;24.08.2022;106,92
B;Virkedag;I44;Importveid kursindeks;NOK;Norske kroner;SP;Spot;2;true;0;Enheter;C;ECB concertation tidspunkt 14:15 CET;25.08.2022;106,92
B;Virkedag;I44;Importveid kursindeks;NOK;Norske kroner;SP;Spot;2;true;0;Enheter;C;ECB concertation tidspunkt 14:15 CET;26.08.2022;107,02
B;Virkedag;I44;Importveid kursindeks;NOK;Norske kroner;SP;Spot;2;true;0;Enheter;C;ECB concertation tidspunkt 14:15 CET;29.08.2022;107,86
B;Virkedag;I44;Importveid kursindeks;NOK;Norske kroner;SP;Spot;2;true;0;Enheter;C;ECB concertation tidspunkt 14:15 CET;30.08.2022;107,6
B;Virkedag;I44;Importveid kursindeks;NOK;Norske kroner;SP;Spot;2;true;0;Enheter;C;ECB concertation tidspunkt 14:15 CET;31.08.2022;109,64
B;Virkedag;I44;Importveid kursindeks;NOK;Norske kroner;SP;Spot;2;true;0;Enheter;C;ECB concertation tidspunkt 14:15 CET;01.09.2022;110,27
B;Virkedag;I44;Importveid kursindeks;NOK;Norske kroner;SP;Spot;2;true;0;Enheter;C;ECB concertation tidspunkt 14:15 CET;02.09.2022;110,18
B;Virkedag;I44;Importveid kursindeks;NOK;Norske kroner;SP;Spot;2;true;0;Enheter;C;ECB concertation tidspunkt 14:15 CET;05.09.2022;109,49
B;Virkedag;I44;Importveid kursindeks;NOK;Norske kroner;SP;Spot;2;true;0;Enheter;C;ECB concertation tidspunkt 14:15 CET;06.09.2022;109,21
B;Virkedag;I44;Importveid kursindeks;NOK;Norske kroner;SP;Spot;2;true;0;Enheter;C;ECB concertation tidspunkt 14:15 CET;07.09.2022;109,73
B;Virkedag;I44;Importveid kursindeks;NOK;Norske kroner;SP;Spot;2;true;0;Enheter;C;ECB concertation tidspunkt 14:15 CET;08.09.2022;110,61
B;Virkedag;I44;Importveid kursindeks;NOK;Norske kroner;SP;Spot;2;true;0;Enheter;C;ECB concertation tidspunkt 14:15 CET;09.09.2022;109,78
B;Virkedag;I44;Importveid kursindeks;NOK;Norske kroner;SP;Spot;2;true;0;Enheter;C;ECB concertation tidspunkt 14:15 CET;12.09.2022;109,29
B;Virkedag;I44;Importveid kursindeks;NOK;Norske kroner;SP;Spot;2;true;0;Enheter;C;ECB concertation tidspunkt 14:15 CET;13.09.2022;109,56
B;Virkedag;I44;Importveid kursindeks;NOK;Norske kroner;SP;Spot;2;true;0;Enheter;C;ECB concertation tidspunkt 14:15 CET;14.09.2022;111,24
B;Virkedag;I44;Importveid kursindeks;NOK;Norske kroner;SP;Spot;2;true;0;Enheter;C;ECB concertation tidspunkt 14:15 CET;15.09.2022;111,18
B;Virkedag;I44;Importveid kursindeks;NOK;Norske kroner;SP;Spot;2;true;0;Enheter;C;ECB concertation tidspunkt 14:15 CET;16.09.2022;111,97
B;Virkedag;I44;Importveid kursindeks;NOK;Norske kroner;SP;Spot;2;true;0;Enheter;C;ECB concertation tidspunkt 14:15 CET;19.09.2022;112,64
B;Virkedag;I44;Importveid kursindeks;NOK;Norske kroner;SP;Spot;2;true;0;Enheter;C;ECB concertation tidspunkt 14:15 CET;20.09.2022;112,55
B;Virkedag;I44;Importveid kursindeks;NOK;Norske kroner;SP;Spot;2;true;0;Enheter;C;ECB concertation tidspunkt 14:15 CET;21.09.2022;112,79
B;Virkedag;I44;Importveid kursindeks;NOK;Norske kroner;SP;Spot;2;true;0;Enheter;C;ECB concertation tidspunkt 14:15 CET;22.09.2022;112,42
B;Virkedag;I44;Importveid kursindeks;NOK;Norske kroner;SP;Spot;2;true;0;Enheter;C;ECB concertation tidspunkt 14:15 CET;23.09.2022;112,73
B;Virkedag;I44;Importveid kursindeks;NOK;Norske kroner;SP;Spot;2;true;0;Enheter;C;ECB concertation tidspunkt 14:15 CET;26.09.2022;114,23
B;Virkedag;I44;Importveid kursindeks;NOK;Norske kroner;SP;Spot;2;true;0;Enheter;C;ECB concertation tidspunkt 14:15 CET;27.09.2022;114,17
B;Virkedag;I44;Importveid kursindeks;NOK;Norske kroner;SP;Spot;2;true;0;Enheter;C;ECB concertation tidspunkt 14:15 CET;28.09.2022;115,31
B;Virkedag;I44;Importveid kursindeks;NOK;Norske kroner;SP;Spot;2;true;0;Enheter;C;ECB concertation tidspunkt 14:15 CET;29.09.2022;114,86
B;Virkedag;I44;Importveid kursindeks;NOK;Norske kroner;SP;Spot;2;true;0;Enheter;C;ECB concertation tidspunkt 14:15 CET;30.09.2022;116,1
B;Virkedag;I44;Importveid kursindeks;NOK;Norske kroner;SP;Spot;2;true;0;Enheter;C;ECB concertation tidspunkt 14:15 CET;03.10.2022;116,12
B;Virkedag;I44;Importveid kursindeks;NOK;Norske kroner;SP;Spot;2;true;0;Enheter;C;ECB concertation tidspunkt 14:15 CET;04.10.2022;114,89
B;Virkedag;I44;Importveid kursindeks;NOK;Norske kroner;SP;Spot;2;true;0;Enheter;C;ECB concertation tidspunkt 14:15 CET;05.10.2022;114,61
B;Virkedag;I44;Importveid kursindeks;NOK;Norske kroner;SP;Spot;2;true;0;Enheter;C;ECB concertation tidspunkt 14:15 CET;06.10.2022;114,12
B;Virkedag;I44;Importveid kursindeks;NOK;Norske kroner;SP;Spot;2;true;0;Enheter;C;ECB concertation tidspunkt 14:15 CET;07.10.2022;114,56
B;Virkedag;I44;Importveid kursindeks;NOK;Norske kroner;SP;Spot;2;true;0;Enheter;C;ECB concertation tidspunkt 14:15 CET;10.10.2022;113,51
B;Virkedag;I44;Importveid kursindeks;NOK;Norske kroner;SP;Spot;2;true;0;Enheter;C;ECB concertation tidspunkt 14:15 CET;11.10.2022;114,13
B;Virkedag;I44;Importveid kursindeks;NOK;Norske kroner;SP;Spot;2;true;0;Enheter;C;ECB concertation tidspunkt 14:15 CET;12.10.2022;114,03
B;Virkedag;I44;Importveid kursindeks;NOK;Norske kroner;SP;Spot;2;true;0;Enheter;C;ECB concertation tidspunkt 14:15 CET;13.10.2022;113,31
B;Virkedag;I44;Importveid kursindeks;NOK;Norske kroner;SP;Spot;2;true;0;Enheter;C;ECB concertation tidspunkt 14:15 CET;14.10.2022;113,1
B;Virkedag;I44;Importveid kursindeks;NOK;Norske kroner;SP;Spot;2;true;0;Enheter;C;ECB concertation tidspunkt 14:15 CET;17.10.2022;113,2
B;Virkedag;I44;Importveid kursindeks;NOK;Norske kroner;SP;Spot;2;true;0;Enheter;C;ECB concertation tidspunkt 14:15 CET;18.10.2022;112,99
B;Virkedag;I44;Importveid kursindeks;NOK;Norske kroner;SP;Spot;2;true;0;Enheter;C;ECB concertation tidspunkt 14:15 CET;19.10.2022;113,41
B;Virkedag;I44;Importveid kursindeks;NOK;Norske kroner;SP;Spot;2;true;0;Enheter;C;ECB concertation tidspunkt 14:15 CET;20.10.2022;113,51
B;Virkedag;I44;Importveid kursindeks;NOK;Norske kroner;SP;Spot;2;true;0;Enheter;C;ECB concertation tidspunkt 14:15 CET;21.10.2022;113,86
B;Virkedag;I44;Importveid kursindeks;NOK;Norske kroner;SP;Spot;2;true;0;Enheter;C;ECB concertation tidspunkt 14:15 CET;24.10.2022;113,01
B;Virkedag;I44;Importveid kursindeks;NOK;Norske kroner;SP;Spot;2;true;0;Enheter;C;ECB concertation tidspunkt 14:15 CET;25.10.2022;112,91
B;Virkedag;I44;Importveid kursindeks;NOK;Norske kroner;SP;Spot;2;true;0;Enheter;C;ECB concertation tidspunkt 14:15 CET;26.10.2022;112,21
B;Virkedag;I44;Importveid kursindeks;NOK;Norske kroner;SP;Spot;2;true;0;Enheter;C;ECB concertation tidspunkt 14:15 CET;27.10.2022;111,95
B;Virkedag;I44;Importveid kursindeks;NOK;Norske kroner;SP;Spot;2;true;0;Enheter;C;ECB concertation tidspunkt 14:15 CET;28.10.2022;111,58
B;Virkedag;I44;Importveid kursindeks;NOK;Norske kroner;SP;Spot;2;true;0;Enheter;C;ECB concertation tidspunkt 14:15 CET;31.10.2022;112,02
B;Virkedag;I44;Importveid kursindeks;NOK;Norske kroner;SP;Spot;2;true;0;Enheter;C;ECB concertation tidspunkt 14:15 CET;01.11.2022;110,88
B;Virkedag;I44;Importveid kursindeks;NOK;Norske kroner;SP;Spot;2;true;0;Enheter;C;ECB concertation tidspunkt 14:15 CET;02.11.2022;111,51
B;Virkedag;I44;Importveid kursindeks;NOK;Norske kroner;SP;Spot;2;true;0;Enheter;C;ECB concertation tidspunkt 14:15 CET;03.11.2022;113,15
B;Virkedag;I44;Importveid kursindeks;NOK;Norske kroner;SP;Spot;2;true;0;Enheter;C;ECB concertation tidspunkt 14:15 CET;04.11.2022;111,57
B;Virkedag;I44;Importveid kursindeks;NOK;Norske kroner;SP;Spot;2;true;0;Enheter;C;ECB concertation tidspunkt 14:15 CET;07.11.2022;111,69
B;Virkedag;I44;Importveid kursindeks;NOK;Norske kroner;SP;Spot;2;true;0;Enheter;C;ECB concertation tidspunkt 14:15 CET;08.11.2022;111,83
B;Virkedag;I44;Importveid kursindeks;NOK;Norske kroner;SP;Spot;2;true;0;Enheter;C;ECB concertation tidspunkt 14:15 CET;09.11.2022;112,08
B;Virkedag;I44;Importveid kursindeks;NOK;Norske kroner;SP;Spot;2;true;0;Enheter;C;ECB concertation tidspunkt 14:15 CET;10.11.2022;112,83
B;Virkedag;I44;Importveid kursindeks;NOK;Norske kroner;SP;Spot;2;true;0;Enheter;C;ECB concertation tidspunkt 14:15 CET;11.11.2022;111,07
B;Virkedag;I44;Importveid kursindeks;NOK;Norske kroner;SP;Spot;2;true;0;Enheter;C;ECB concertation tidspunkt 14:15 CET;14.11.2022;111,6
B;Virkedag;I44;Importveid kursindeks;NOK;Norske kroner;SP;Spot;2;true;0;Enheter;C;ECB concertation tidspunkt 14:15 CET;15.11.2022;111,74
B;Virkedag;I44;Importveid kursindeks;NOK;Norske kroner;SP;Spot;2;true;0;Enheter;C;ECB concertation tidspunkt 14:15 CET;16.11.2022;111,65
B;Virkedag;I44;Importveid kursindeks;NOK;Norske kroner;SP;Spot;2;true;0;Enheter;C;ECB concertation tidspunkt 14:15 CET;17.11.2022;112,93
B;Virkedag;I44;Importveid kursindeks;NOK;Norske kroner;SP;Spot;2;true;0;Enheter;C;ECB concertation tidspunkt 14:15 CET;18.11.2022;112,85
B;Virkedag;I44;Importveid kursindeks;NOK;Norske kroner;SP;Spot;2;true;0;Enheter;C;ECB concertation tidspunkt 14:15 CET;21.11.2022;113,18
B;Virkedag;I44;Importveid kursindeks;NOK;Norske kroner;SP;Spot;2;true;0;Enheter;C;ECB concertation tidspunkt 14:15 CET;22.11.2022;112,72
B;Virkedag;I44;Importveid kursindeks;NOK;Norske kroner;SP;Spot;2;true;0;Enheter;C;ECB concertation tidspunkt 14:15 CET;23.11.2022;111,68
B;Virkedag;I44;Importveid kursindeks;NOK;Norske kroner;SP;Spot;2;true;0;Enheter;C;ECB concertation tidspunkt 14:15 CET;24.11.2022;111,33
B;Virkedag;I44;Importveid kursindeks;NOK;Norske kroner;SP;Spot;2;true;0;Enheter;C;ECB concertation tidspunkt 14:15 CET;25.11.2022;110,95
B;Virkedag;I44;Importveid kursindeks;NOK;Norske kroner;SP;Spot;2;true;0;Enheter;C;ECB concertation tidspunkt 14:15 CET;28.11.2022;111,05
B;Virkedag;I44;Importveid kursindeks;NOK;Norske kroner;SP;Spot;2;true;0;Enheter;C;ECB concertation tidspunkt 14:15 CET;29.11.2022;111,28
B;Virkedag;I44;Importveid kursindeks;NOK;Norske kroner;SP;Spot;2;true;0;Enheter;C;ECB concertation tidspunkt 14:15 CET;30.11.2022;110,68
B;Virkedag;I44;Importveid kursindeks;NOK;Norske kroner;SP;Spot;2;true;0;Enheter;C;ECB concertation tidspunkt 14:15 CET;01.12.2022;110,35
B;Virkedag;I44;Importveid kursindeks;NOK;Norske kroner;SP;Spot;2;true;0;Enheter;C;ECB concertation tidspunkt 14:15 CET;02.12.2022;110,33
B;Virkedag;I44;Importveid kursindeks;NOK;Norske kroner;SP;Spot;2;true;0;Enheter;C;ECB concertation tidspunkt 14:15 CET;05.12.2022;111,01
B;Virkedag;I44;Importveid kursindeks;NOK;Norske kroner;SP;Spot;2;true;0;Enheter;C;ECB concertation tidspunkt 14:15 CET;06.12.2022;112,17
B;Virkedag;I44;Importveid kursindeks;NOK;Norske kroner;SP;Spot;2;true;0;Enheter;C;ECB concertation tidspunkt 14:15 CET;07.12.2022;112,98
B;Virkedag;I44;Importveid kursindeks;NOK;Norske kroner;SP;Spot;2;true;0;Enheter;C;ECB concertation tidspunkt 14:15 CET;08.12.2022;112,74
B;Virkedag;I44;Importveid kursindeks;NOK;Norske kroner;SP;Spot;2;true;0;Enheter;C;ECB concertation tidspunkt 14:15 CET;09.12.2022;113,13
B;Virkedag;I44;Importveid kursindeks;NOK;Norske kroner;SP;Spot;2;true;0;Enheter;C;ECB concertation tidspunkt 14:15 CET;12.12.2022;113,22
B;Virkedag;I44;Importveid kursindeks;NOK;Norske kroner;SP;Spot;2;true;0;Enheter;C;ECB concertation tidspunkt 14:15 CET;13.12.2022;112,36
B;Virkedag;I44;Importveid kursindeks;NOK;Norske kroner;SP;Spot;2;true;0;Enheter;C;ECB concertation tidspunkt 14:15 CET;14.12.2022;110,97
B;Virkedag;I44;Importveid kursindeks;NOK;Norske kroner;SP;Spot;2;true;0;Enheter;C;ECB concertation tidspunkt 14:15 CET;15.12.2022;111,3
B;Virkedag;I44;Importveid kursindeks;NOK;Norske kroner;SP;Spot;2;true;0;Enheter;C;ECB concertation tidspunkt 14:15 CET;16.12.2022;111,92
B;Virkedag;I44;Importveid kursindeks;NOK;Norske kroner;SP;Spot;2;true;0;Enheter;C;ECB concertation tidspunkt 14:15 CET;19.12.2022;112,11
B;Virkedag;I44;Importveid kursindeks;NOK;Norske kroner;SP;Spot;2;true;0;Enheter;C;ECB concertation tidspunkt 14:15 CET;20.12.2022;112,12
B;Virkedag;I44;Importveid kursindeks;NOK;Norske kroner;SP;Spot;2;true;0;Enheter;C;ECB concertation tidspunkt 14:15 CET;21.12.2022;111,13
B;Virkedag;I44;Importveid kursindeks;NOK;Norske kroner;SP;Spot;2;true;0;Enheter;C;ECB concertation tidspunkt 14:15 CET;22.12.2022;110,92
B;Virkedag;I44;Importveid kursindeks;NOK;Norske kroner;SP;Spot;2;true;0;Enheter;C;ECB concertation tidspunkt 14:15 CET;23.12.2022;111,36
B;Virkedag;I44;Importveid kursindeks;NOK;Norske kroner;SP;Spot;2;true;0;Enheter;C;ECB concertation tidspunkt 14:15 CET;27.12.2022;111,73
B;Virkedag;I44;Importveid kursindeks;NOK;Norske kroner;SP;Spot;2;true;0;Enheter;C;ECB concertation tidspunkt 14:15 CET;28.12.2022;111,17
B;Virkedag;I44;Importveid kursindeks;NOK;Norske kroner;SP;Spot;2;true;0;Enheter;C;ECB concertation tidspunkt 14:15 CET;29.12.2022;112,18
B;Virkedag;I44;Importveid kursindeks;NOK;Norske kroner;SP;Spot;2;true;0;Enheter;C;ECB concertation tidspunkt 14:15 CET;30.12.2022;111,9
B;Virkedag;I44;Importveid kursindeks;NOK;Norske kroner;SP;Spot;2;true;0;Enheter;C;ECB concertation tidspunkt 14:15 CET;02.01.2023;111,74
B;Virkedag;I44;Importveid kursindeks;NOK;Norske kroner;SP;Spot;2;true;0;Enheter;C;ECB concertation tidspunkt 14:15 CET;03.01.2023;112,46
B;Virkedag;I44;Importveid kursindeks;NOK;Norske kroner;SP;Spot;2;true;0;Enheter;C;ECB concertation tidspunkt 14:15 CET;04.01.2023;114,59
B;Virkedag;I44;Importveid kursindeks;NOK;Norske kroner;SP;Spot;2;true;0;Enheter;C;ECB concertation tidspunkt 14:15 CET;05.01.2023;114,44
B;Virkedag;I44;Importveid kursindeks;NOK;Norske kroner;SP;Spot;2;true;0;Enheter;C;ECB concertation tidspunkt 14:15 CET;06.01.2023;115,57
B;Virkedag;I44;Importveid kursindeks;NOK;Norske kroner;SP;Spot;2;true;0;Enheter;C;ECB concertation tidspunkt 14:15 CET;09.01.2023;113,28
B;Virkedag;I44;Importveid kursindeks;NOK;Norske kroner;SP;Spot;2;true;0;Enheter;C;ECB concertation tidspunkt 14:15 CET;10.01.2023;113,87
B;Virkedag;I44;Importveid kursindeks;NOK;Norske kroner;SP;Spot;2;true;0;Enheter;C;ECB concertation tidspunkt 14:15 CET;11.01.2023;114,37
B;Virkedag;I44;Importveid kursindeks;NOK;Norske kroner;SP;Spot;2;true;0;Enheter;C;ECB concertation tidspunkt 14:15 CET;12.01.2023;114,28
B;Virkedag;I44;Importveid kursindeks;NOK;Norske kroner;SP;Spot;2;true;0;Enheter;C;ECB concertation tidspunkt 14:15 CET;13.01.2023;113,9
B;Virkedag;I44;Importveid kursindeks;NOK;Norske kroner;SP;Spot;2;true;0;Enheter;C;ECB concertation tidspunkt 14:15 CET;16.01.2023;113,9
B;Virkedag;I44;Importveid kursindeks;NOK;Norske kroner;SP;Spot;2;true;0;Enheter;C;ECB concertation tidspunkt 14:15 CET;17.01.2023;114,17
B;Virkedag;I44;Importveid kursindeks;NOK;Norske kroner;SP;Spot;2;true;0;Enheter;C;ECB concertation tidspunkt 14:15 CET;18.01.2023;113,54
B;Virkedag;I44;Importveid kursindeks;NOK;Norske kroner;SP;Spot;2;true;0;Enheter;C;ECB concertation tidspunkt 14:15 CET;19.01.2023;114,43
B;Virkedag;I44;Importveid kursindeks;NOK;Norske kroner;SP;Spot;2;true;0;Enheter;C;ECB concertation tidspunkt 14:15 CET;20.01.2023;114,05
B;Virkedag;I44;Importveid kursindeks;NOK;Norske kroner;SP;Spot;2;true;0;Enheter;C;ECB concertation tidspunkt 14:15 CET;23.01.2023;113,62
B;Virkedag;I44;Importveid kursindeks;NOK;Norske kroner;SP;Spot;2;true;0;Enheter;C;ECB concertation tidspunkt 14:15 CET;24.01.2023;114,02
B;Virkedag;I44;Importveid kursindeks;NOK;Norske kroner;SP;Spot;2;true;0;Enheter;C;ECB concertation tidspunkt 14:15 CET;25.01.2023;114,72
B;Virkedag;I44;Importveid kursindeks;NOK;Norske kroner;SP;Spot;2;true;0;Enheter;C;ECB concertation tidspunkt 14:15 CET;26.01.2023;114,34
B;Virkedag;I44;Importveid kursindeks;NOK;Norske kroner;SP;Spot;2;true;0;Enheter;C;ECB concertation tidspunkt 14:15 CET;27.01.2023;114,39
B;Virkedag;I44;Importveid kursindeks;NOK;Norske kroner;SP;Spot;2;true;0;Enheter;C;ECB concertation tidspunkt 14:15 CET;30.01.2023;114,57
B;Virkedag;I44;Importveid kursindeks;NOK;Norske kroner;SP;Spot;2;true;0;Enheter;C;ECB concertation tidspunkt 14:15 CET;31.01.2023;115,86
B;Virkedag;I44;Importveid kursindeks;NOK;Norske kroner;SP;Spot;2;true;0;Enheter;C;ECB concertation tidspunkt 14:15 CET;01.02.2023;115,2
B;Virkedag;I44;Importveid kursindeks;NOK;Norske kroner;SP;Spot;2;true;0;Enheter;C;ECB concertation tidspunkt 14:15 CET;02.02.2023;115,91
B;Virkedag;I44;Importveid kursindeks;NOK;Norske kroner;SP;Spot;2;true;0;Enheter;C;ECB concertation tidspunkt 14:15 CET;03.02.2023;116,31
B;Virkedag;I44;Importveid kursindeks;NOK;Norske kroner;SP;Spot;2;true;0;Enheter;C;ECB concertation tidspunkt 14:15 CET;06.02.2023;117,24
B;Virkedag;I44;Importveid kursindeks;NOK;Norske kroner;SP;Spot;2;true;0;Enheter;C;ECB concertation tidspunkt 14:15 CET;07.02.2023;118,34
B;Virkedag;I44;Importveid kursindeks;NOK;Norske kroner;SP;Spot;2;true;0;Enheter;C;ECB concertation tidspunkt 14:15 CET;08.02.2023;117,25
B;Virkedag;I44;Importveid kursindeks;NOK;Norske kroner;SP;Spot;2;true;0;Enheter;C;ECB concertation tidspunkt 14:15 CET;09.02.2023;116,17
B;Virkedag;I44;Importveid kursindeks;NOK;Norske kroner;SP;Spot;2;true;0;Enheter;C;ECB concertation tidspunkt 14:15 CET;10.02.2023;115,84
B;Virkedag;I44;Importveid kursindeks;NOK;Norske kroner;SP;Spot;2;true;0;Enheter;C;ECB concertation tidspunkt 14:15 CET;13.02.2023;115,29
B;Virkedag;I44;Importveid kursindeks;NOK;Norske kroner;SP;Spot;2;true;0;Enheter;C;ECB concertation tidspunkt 14:15 CET;14.02.2023;115,74
B;Virkedag;I44;Importveid kursindeks;NOK;Norske kroner;SP;Spot;2;true;0;Enheter;C;ECB concertation tidspunkt 14:15 CET;15.02.2023;116,17
B;Virkedag;I44;Importveid kursindeks;NOK;Norske kroner;SP;Spot;2;true;0;Enheter;C;ECB concertation tidspunkt 14:15 CET;16.02.2023;116,41
B;Virkedag;I44;Importveid kursindeks;NOK;Norske kroner;SP;Spot;2;true;0;Enheter;C;ECB concertation tidspunkt 14:15 CET;17.02.2023;117,22
B;Virkedag;I44;Importveid kursindeks;NOK;Norske kroner;SP;Spot;2;true;0;Enheter;C;ECB concertation tidspunkt 14:15 CET;20.02.2023;116,84
B;Virkedag;I44;Importveid kursindeks;NOK;Norske kroner;SP;Spot;2;true;0;Enheter;C;ECB concertation tidspunkt 14:15 CET;21.02.2023;116,65
B;Virkedag;I44;Importveid kursindeks;NOK;Norske kroner;SP;Spot;2;true;0;Enheter;C;ECB concertation tidspunkt 14:15 CET;22.02.2023;116,88
B;Virkedag;I44;Importveid kursindeks;NOK;Norske kroner;SP;Spot;2;true;0;Enheter;C;ECB concertation tidspunkt 14:15 CET;23.02.2023;116,8
B;Virkedag;I44;Importveid kursindeks;NOK;Norske kroner;SP;Spot;2;true;0;Enheter;C;ECB concertation tidspunkt 14:15 CET;24.02.2023;116,67
B;Virkedag;I44;Importveid kursindeks;NOK;Norske kroner;SP;Spot;2;true;0;Enheter;C;ECB concertation tidspunkt 14:15 CET;27.02.2023;116,96
B;Virkedag;I44;Importveid kursindeks;NOK;Norske kroner;SP;Spot;2;true;0;Enheter;C;ECB concertation tidspunkt 14:15 CET;28.02.2023;116,81
B;Virkedag;I44;Importveid kursindeks;NOK;Norske kroner;SP;Spot;2;true;0;Enheter;C;ECB concertation tidspunkt 14:15 CET;01.03.2023;117,43
B;Virkedag;I44;Importveid kursindeks;NOK;Norske kroner;SP;Spot;2;true;0;Enheter;C;ECB concertation tidspunkt 14:15 CET;02.03.2023;118,04
B;Virkedag;I44;Importveid kursindeks;NOK;Norske kroner;SP;Spot;2;true;0;Enheter;C;ECB concertation tidspunkt 14:15 CET;03.03.2023;117,77
B;Virkedag;I44;Importveid kursindeks;NOK;Norske kroner;SP;Spot;2;true;0;Enheter;C;ECB concertation tidspunkt 14:15 CET;06.03.2023;118,1
B;Virkedag;I44;Importveid kursindeks;NOK;Norske kroner;SP;Spot;2;true;0;Enheter;C;ECB concertation tidspunkt 14:15 CET;07.03.2023;118,78
B;Virkedag;I44;Importveid kursindeks;NOK;Norske kroner;SP;Spot;2;true;0;Enheter;C;ECB concertation tidspunkt 14:15 CET;08.03.2023;119,36
B;Virkedag;I44;Importveid kursindeks;NOK;Norske kroner;SP;Spot;2;true;0;Enheter;C;ECB concertation tidspunkt 14:15 CET;09.03.2023;119,81
B;Virkedag;I44;Importveid kursindeks;NOK;Norske kroner;SP;Spot;2;true;0;Enheter;C;ECB concertation tidspunkt 14:15 CET;10.03.2023;119,8
B;Virkedag;I44;Importveid kursindeks;NOK;Norske kroner;SP;Spot;2;true;0;Enheter;C;ECB concertation tidspunkt 14:15 CET;13.03.2023;120,58
B;Virkedag;I44;Importveid kursindeks;NOK;Norske kroner;SP;Spot;2;true;0;Enheter;C;ECB concertation tidspunkt 14:15 CET;14.03.2023;120,06
B;Virkedag;I44;Importveid kursindeks;NOK;Norske kroner;SP;Spot;2;true;0;Enheter;C;ECB concertation tidspunkt 14:15 CET;15.03.2023;120,91
B;Virkedag;I44;Importveid kursindeks;NOK;Norske kroner;SP;Spot;2;true;0;Enheter;C;ECB concertation tidspunkt 14:15 CET;16.03.2023;121,84
B;Virkedag;I44;Importveid kursindeks;NOK;Norske kroner;SP;Spot;2;true;0;Enheter;C;ECB concertation tidspunkt 14:15 CET;17.03.2023;121,48
B;Virkedag;I44;Importveid kursindeks;NOK;Norske kroner;SP;Spot;2;true;0;Enheter;C;ECB concertation tidspunkt 14:15 CET;20.03.2023;121,14
B;Virkedag;I44;Importveid kursindeks;NOK;Norske kroner;SP;Spot;2;true;0;Enheter;C;ECB concertation tidspunkt 14:15 CET;21.03.2023;119,8
B;Virkedag;I44;Importveid kursindeks;NOK;Norske kroner;SP;Spot;2;true;0;Enheter;C;ECB concertation tidspunkt 14:15 CET;22.03.2023;119,9
B;Virkedag;I44;Importveid kursindeks;NOK;Norske kroner;SP;Spot;2;true;0;Enheter;C;ECB concertation tidspunkt 14:15 CET;23.03.2023;119,14
B;Virkedag;I44;Importveid kursindeks;NOK;Norske kroner;SP;Spot;2;true;0;Enheter;C;ECB concertation tidspunkt 14:15 CET;24.03.2023;119,8
B;Virkedag;I44;Importveid kursindeks;NOK;Norske kroner;SP;Spot;2;true;0;Enheter;C;ECB concertation tidspunkt 14:15 CET;27.03.2023;120,04
B;Virkedag;I44;Importveid kursindeks;NOK;Norske kroner;SP;Spot;2;true;0;Enheter;C;ECB concertation tidspunkt 14:15 CET;28.03.2023;119,66
B;Virkedag;I44;Importveid kursindeks;NOK;Norske kroner;SP;Spot;2;true;0;Enheter;C;ECB concertation tidspunkt 14:15 CET;29.03.2023;119,24
B;Virkedag;I44;Importveid kursindeks;NOK;Norske kroner;SP;Spot;2;true;0;Enheter;C;ECB concertation tidspunkt 14:15 CET;30.03.2023;119,71
B;Virkedag;I44;Importveid kursindeks;NOK;Norske kroner;SP;Spot;2;true;0;Enheter;C;ECB concertation tidspunkt 14:15 CET;31.03.2023;120,2
B;Virkedag;I44;Importveid kursindeks;NOK;Norske kroner;SP;Spot;2;true;0;Enheter;C;ECB concertation tidspunkt 14:15 CET;03.04.2023;118,71
B;Virkedag;I44;Importveid kursindeks;NOK;Norske kroner;SP;Spot;2;true;0;Enheter;C;ECB concertation tidspunkt 14:15 CET;04.04.2023;118,43
B;Virkedag;I44;Importveid kursindeks;NOK;Norske kroner;SP;Spot;2;true;0;Enheter;C;ECB concertation tidspunkt 14:15 CET;05.04.2023;119,9
B;Virkedag;I44;Importveid kursindeks;NOK;Norske kroner;SP;Spot;2;true;0;Enheter;C;ECB concertation tidspunkt 14:15 CET;11.04.2023;121,26
B;Virkedag;I44;Importveid kursindeks;NOK;Norske kroner;SP;Spot;2;true;0;Enheter;C;ECB concertation tidspunkt 14:15 CET;12.04.2023;120,57
B;Virkedag;I44;Importveid kursindeks;NOK;Norske kroner;SP;Spot;2;true;0;Enheter;C;ECB concertation tidspunkt 14:15 CET;13.04.2023;120,13
B;Virkedag;I44;Importveid kursindeks;NOK;Norske kroner;SP;Spot;2;true;0;Enheter;C;ECB concertation tidspunkt 14:15 CET;14.04.2023;119,49
B;Virkedag;I44;Importveid kursindeks;NOK;Norske kroner;SP;Spot;2;true;0;Enheter;C;ECB concertation tidspunkt 14:15 CET;17.04.2023;119,36
B;Virkedag;I44;Importveid kursindeks;NOK;Norske kroner;SP;Spot;2;true;0;Enheter;C;ECB concertation tidspunkt 14:15 CET;18.04.2023;120,51
B;Virkedag;I44;Importveid kursindeks;NOK;Norske kroner;SP;Spot;2;true;0;Enheter;C;ECB concertation tidspunkt 14:15 CET;19.04.2023;121,15
B;Virkedag;I44;Importveid kursindeks;NOK;Norske kroner;SP;Spot;2;true;0;Enheter;C;ECB concertation tidspunkt 14:15 CET;20.04.2023;121,87
B;Virkedag;I44;Importveid kursindeks;NOK;Norske kroner;SP;Spot;2;true;0;Enheter;C;ECB concertation tidspunkt 14:15 CET;21.04.2023;122,18
B;Virkedag;I44;Importveid kursindeks;NOK;Norske kroner;SP;Spot;2;true;0;Enheter;C;ECB concertation tidspunkt 14:15 CET;24.04.2023;122,04
B;Virkedag;I44;Importveid kursindeks;NOK;Norske kroner;SP;Spot;2;true;0;Enheter;C;ECB concertation tidspunkt 14:15 CET;25.04.2023;122,37
B;Virkedag;I44;Importveid kursindeks;NOK;Norske kroner;SP;Spot;2;true;0;Enheter;C;ECB concertation tidspunkt 14:15 CET;26.04.2023;122,48
B;Virkedag;I44;Importveid kursindeks;NOK;Norske kroner;SP;Spot;2;true;0;Enheter;C;ECB concertation tidspunkt 14:15 CET;27.04.2023;122,42
B;Virkedag;I44;Importveid kursindeks;NOK;Norske kroner;SP;Spot;2;true;0;Enheter;C;ECB concertation tidspunkt 14:15 CET;28.04.2023;123,63
B;Virkedag;I44;Importveid kursindeks;NOK;Norske kroner;SP;Spot;2;true;0;Enheter;C;ECB concertation tidspunkt 14:15 CET;02.05.2023;123,49
B;Virkedag;I44;Importveid kursindeks;NOK;Norske kroner;SP;Spot;2;true;0;Enheter;C;ECB concertation tidspunkt 14:15 CET;03.05.2023;124,41
B;Virkedag;I44;Importveid kursindeks;NOK;Norske kroner;SP;Spot;2;true;0;Enheter;C;ECB concertation tidspunkt 14:15 CET;04.05.2023;123,79
B;Virkedag;I44;Importveid kursindeks;NOK;Norske kroner;SP;Spot;2;true;0;Enheter;C;ECB concertation tidspunkt 14:15 CET;05.05.2023;122,88
B;Virkedag;I44;Importveid kursindeks;NOK;Norske kroner;SP;Spot;2;true;0;Enheter;C;ECB concertation tidspunkt 14:15 CET;08.05.2023;121,42
B;Virkedag;I44;Importveid kursindeks;NOK;Norske kroner;SP;Spot;2;true;0;Enheter;C;ECB concertation tidspunkt 14:15 CET;09.05.2023;121,96
B;Virkedag;I44;Importveid kursindeks;NOK;Norske kroner;SP;Spot;2;true;0;Enheter;C;ECB concertation tidspunkt 14:15 CET;10.05.2023;121,82
B;Virkedag;I44;Importveid kursindeks;NOK;Norske kroner;SP;Spot;2;true;0;Enheter;C;ECB concertation tidspunkt 14:15 CET;11.05.2023;121,51
B;Virkedag;I44;Importveid kursindeks;NOK;Norske kroner;SP;Spot;2;true;0;Enheter;C;ECB concertation tidspunkt 14:15 CET;12.05.2023;122,65
